,avg_expenditure_25_34,avg_expenditure_35_44,avg_expenditure_45_54,avg_expenditure_55_64,CPI,employees_construction,GDP,HCAI_GOVT,HCAI_GSE,HCAI_PP,home-ownership-rate,houses-for-sale-to-sold,industrial_production_cement,0,MORTGAGE30US,pvt_owned_house_under_const,nonresidential_const_val,permits,personal_saving_rate,population,house_units_completed,producer_price_index_concrete_brick,residential_const_val,retail_sales_home_furnishing_stores,target,UNRATE,unrate_construction
2001-01-31,38987.0,45296.0,46308.0,39517.0,0.632183908,6824,10470.231,22.218,5.836,16.253,67.1,3.8,139.6212,3001.33,7.0325,986.0,278005,1699,4.9,284169.0,1456.0,144.2,348279,7764,109.845,4.2,9.8
2001-02-28,39029.0,45443.0,46456.0,39694.0,0.399771559,6841,10513.151,22.108,5.776000000000001,16.053,67.16999999999999,3.7,144.0119,3001.33,7.05,987.0,270735,1656,5.0,284392.0,1536.0,144.2,353629,7611,110.499,4.2,9.9
2001-03-31,39071.0,45590.0,46604.0,39871.0,0.227531286,6862,10556.071,21.998,5.716,15.853,67.24,3.8,147.6176,3001.33,6.952,1001.0,280450,1659,5.3,284615.0,1470.0,144.2,350029,7549,111.107,4.3,8.4
2001-04-30,39113.0,45737.0,46752.0,40048.0,0.397275823,6844,10599.0,21.887,5.647,15.664,67.30999999999999,3.9,152.7136,2813.0,7.0775,1007.0,278653,1666,5.1,284838.0,1574.0,148.0,361991,7560,111.65,4.4,7.1
2001-05-31,39155.0,45884.0,46900.0,40225.0,0.4522329,6849,10598.67,22.037,5.617,15.514,67.3,4.0,149.722,2813.0,7.145,1015.0,281069,1665,4.5,285086.67,1497.0,149.3,360534,7559,112.162,4.3,5.6
2001-06-30,39197.0,46031.0,47048.0,40402.0,0.16882386,6840,10598.34,22.187,5.587000000000001,15.364,67.36999999999999,4.2,147.0667,2813.0,7.159999999999999,1013.0,284499,1626,4.4,285335.34,1654.0,149.3,365905,7613,112.795,4.5,5.1
2001-07-31,39239.0,46178.0,47196.0,40579.0,-0.280898876,6845,10598.02,22.326,5.562,15.213,67.44,4.2,147.7762,2855.33,7.1275,1017.0,279200,1598,5.6,285584.0,1582.0,149.3,366500,7671,113.491,4.6,4.9
2001-08-31,39281.0,46325.0,47344.0,40756.0,0.0,6827,10618.83,22.306,5.402,15.203,67.50999999999999,4.4,145.366,2855.33,6.95,1011.0,274690,1615,6.6,285826.33,1615.0,149.3,369000,7628,114.167,4.9,5.8
2001-09-30,39323.0,46472.0,47492.0,40933.0,0.450704225,6813,10639.64,22.286,5.242,15.193,67.5,4.4,143.2778,2855.33,6.8175,1014.0,270320,1565,7.0,286068.66,1551.0,149.3,368809,7419,114.811,5.0,5.5
2001-10-31,39365.0,46619.0,47640.0,41110.0,-0.336511497,6804,10660.465,22.261,5.079,15.188,67.5,4.3,146.5513,2781.67,6.6175,1008.0,268404,1566,3.1,286311.0,1599.0,149.3,370957,7543,115.308,5.3,6.1
2001-11-30,39407.0,46766.0,47788.0,41287.0,-0.16882386,6784,10701.475,22.241,5.109,15.368,67.5,4.1,151.3547,2781.67,6.658,1011.0,260359,1651,3.5,286519.0,1555.0,149.3,375803,7694,115.854,5.5,7.6
2001-12-31,39449.0,46913.0,47936.0,41464.0,-0.394588501,6785,10742.485,22.221,5.138999999999999,15.548,67.5,3.8,149.5098,2781.67,7.065,996.0,264194,1680,3.8,286727.0,1693.0,149.3,376279,7869,116.452,5.7,9.0
2002-01-31,39523.0,47026.0,47998.0,41701.0,0.226372383,6775,10783.5,22.21,5.179,15.739,67.6,4.2,154.1419,2886.33,6.9975,996.0,263731,1665,5.7,286935.0,1632.0,149.3,377631,7847,117.143,5.7,13.6
2002-02-28,39595.0,47144.0,48066.0,41940.0,0.395256917,6766,10818.15,22.39,5.379,15.739,67.66999999999999,4.0,153.3632,2886.33,6.8925,1005.0,256668,1787,5.5,287148.0,1671.0,149.3,385745,7932,117.845,5.7,12.2
2002-03-31,39667.0,47262.0,48134.0,42179.0,0.562429696,6755,10852.8,22.57,5.579000000000001,15.739,67.74,4.1,144.805,2886.33,7.014,1013.0,252252,1691,5.6,287361.0,1559.0,148.6,385406,7936,118.688,5.7,11.8
2002-04-30,39739.0,47380.0,48202.0,42418.0,0.559284116,6710,10887.46,22.756,5.767,15.743,67.80999999999999,4.3,142.7848,2653.67,6.985,1011.0,250341,1669,5.5,287574.0,1625.0,150.1,398990,7874,119.611,5.9,10.1
2002-05-31,39811.0,47498.0,48270.0,42657.0,0.0,6684,10919.65,22.496,5.727,15.843,67.8,4.0,141.9244,2653.67,6.806,1019.0,241636,1716,6.2,287817.0,1705.0,150.1,394223,7959,120.724,5.8,7.4
2002-06-30,39883.0,47616.0,48338.0,42896.0,0.055617353,6701,10951.839999999998,22.236,5.687,15.943,67.83,4.2,144.884,2653.67,6.65,1023.0,235344,1758,6.2,288060.0,1589.0,150.5,401920,7831,121.812,5.8,6.9
2002-07-31,39955.0,47734.0,48406.0,43135.0,0.111172874,6688,10984.04,21.964,5.634,16.048,67.86,4.2,143.1954,2556.0,6.485,1029.0,229426,1738,5.4,288303.0,1615.0,150.5,404632,7741,122.886,5.8,6.9
2002-08-31,40027.0,47852.0,48474.0,43374.0,0.333148251,6701,11009.84,21.764,5.604,16.168,67.89,4.0,142.5378,2556.0,6.29,1013.0,227442,1695,5.4,288537.67,1722.0,150.5,398875,7837,123.829,5.7,7.4
2002-09-30,40099.0,47970.0,48542.0,43613.0,0.166021029,6702,11035.64,21.564,5.574000000000001,16.287999999999997,67.9,3.9,144.0206,2556.0,6.0925,1024.0,224568,1803,5.9,288772.34,1641.0,150.5,394820,7832,124.778,5.7,7.0
2002-10-31,40171.0,48088.0,48610.0,43852.0,0.165745856,6689,11061.433,21.365,5.554,16.404,67.9,4.0,140.5446,2515.33,6.1125,1026.0,228572,1799,5.8,289007.0,1601.0,150.5,397077,7789,125.733,5.7,7.7
2002-11-30,40243.0,48206.0,48678.0,44091.0,0.0,6713,11099.003,21.165,5.564,16.684,67.9,4.0,141.7547,2515.33,6.068,1031.0,228716,1771,5.8,289207.67,1718.0,150.5,401424,7963,126.668,5.9,8.5
2002-12-31,40315.0,48324.0,48746.0,44330.0,-0.220628792,6700,11136.573,20.965,5.574,16.964,67.9,4.0,136.2256,2515.33,6.0475,1033.0,222509,1896,5.4,289408.34,1671.0,150.5,411758,7927,127.622,6.0,10.9
2003-01-31,40335.0,48234.0,48861.0,44318.0,0.442233278,6704,11174.129,20.765,5.59,17.231,67.9,4.0,145.7225,2741.67,5.916,1049.0,226819,1808,5.4,289609.0,1654.0,150.5,417788,7824,128.46,5.8,14.0
2003-02-28,40352.0,48138.0,48974.0,44306.0,0.770500826,6667,11220.339,20.605,5.57,17.111,67.87,4.5,130.7091,2741.67,5.8425,1044.0,225646,1854,5.3,289823.67,1688.0,152.4,417500,7501,129.355,5.9,14.0
2003-03-31,40369.0,48042.0,49087.0,44294.0,0.60076461,6654,11266.549,20.445,5.55,16.991000000000003,67.84,4.1,139.8525,2741.67,5.745,1044.0,229653,1757,5.0,290038.34,1638.0,153.7,413303,7854,130.148,5.9,11.8
2003-04-30,40386.0,47946.0,49200.0,44282.0,-0.217155266,6689,11312.766,20.293,5.528,16.863,67.81,4.1,143.4343,2614.67,5.8125,1043.0,227092,1803,5.1,290253.0,1662.0,154.4,420510,7895,130.885,6.0,9.3
2003-05-31,40403.0,47850.0,49313.0,44270.0,-0.163220892,6706,11397.396,20.123,5.558,16.893,67.8,3.9,143.7151,2614.67,5.484,1047.0,232573,1835,5.5,290493.33,1733.0,154.4,421143,8062,131.735,6.1,8.4
2003-06-30,40420.0,47754.0,49426.0,44258.0,0.108991826,6723,11482.026,19.953,5.587999999999999,16.923,67.83,3.5,146.4852,2614.67,5.23,1064.0,231498,1875,5.3,290733.66,1641.0,154.4,430929,8084,132.649,6.3,7.9
2003-07-31,40437.0,47658.0,49539.0,44246.0,0.108873163,6735,11566.669,19.795,5.615,16.945,67.86,3.6,151.797,2560.33,5.6325,1078.0,224707,1885,6.1,290974.0,1680.0,154.4,448917,8115,133.776,6.2,7.5
2003-08-31,40454.0,47562.0,49652.0,44234.0,0.380641653,6760,11635.189,20.225,5.745,17.535,67.89,3.5,152.5045,2560.33,6.264,1102.0,228595,1966,5.9,291205.67,1570.0,154.4,453031,8156,134.967,6.1,7.1
2003-09-30,40471.0,47466.0,49765.0,44222.0,0.325027086,6783,11703.709,20.655,5.875,18.125,67.9,3.8,154.9714,2560.33,6.1475,1121.0,233700,1961,5.1,291437.34,1719.0,154.4,458676,8214,136.29399999999998,6.1,7.6
2003-10-31,40488.0,47370.0,49878.0,44210.0,-0.107991361,6784,11772.234,21.076,6.006,18.715,68.0,3.8,162.1089,2495.33,5.952,1135.0,233121,2012,5.3,291669.0,1728.0,154.4,469855,8244,137.531,6.0,7.4
2003-11-30,40505.0,47274.0,49991.0,44198.0,-0.27027027,6796,11822.634,21.216,6.046,18.775,68.10000000000001,4.1,156.8136,2495.33,5.9325,1158.0,226077,1918,5.3,291858.33,1692.0,154.4,485245,8358,138.79399999999998,5.8,7.8
2003-12-31,40522.0,47178.0,50104.0,44186.0,-0.108401084,6827,11873.034,21.356,6.086,18.835,68.2,4.0,160.2361,2495.33,5.876,1183.0,232151,1987,5.2,292047.66,1716.0,154.4,503356,8312,140.18,5.7,9.3
2004-01-31,40706.0,47444.0,50323.0,44450.0,0.488334238,6848,11923.447,21.499,6.123,18.895,68.1,3.8,152.7935,2542.0,5.7125,1191.0,227349,1952,4.9,292237.0,1709.0,154.4,498640,8307,141.64700000000002,5.7,11.3
2004-02-29,40887.0,47713.0,50545.0,44709.0,0.539956803,6838,11986.567,21.479,6.103000000000001,18.845,68.13,3.7,149.9024,2542.0,5.635,1197.0,227051,1966,4.9,292449.67,1718.0,154.4,500439,8375,143.19299999999998,5.6,11.6
2004-03-31,41068.0,47982.0,50767.0,44968.0,0.644468314,6887,12049.687,21.459,6.083,18.795,68.16,3.6,169.2242,2542.0,5.445,1219.0,233056,2066,4.7,292662.34,1794.0,154.4,506879,8585,145.06,5.8,11.3
2004-04-30,41249.0,48251.0,50989.0,45227.0,0.320170758,6901,12112.815,21.434,6.064,18.759,68.19,4.0,170.9724,2460.33,5.83,1222.0,233437,2070,5.1,292875.0,1938.0,155.6,512400,8519,146.591,5.6,9.5
2004-05-31,41430.0,48520.0,51211.0,45486.0,0.585106383,6948,12176.975,21.534,6.134,19.229,68.2,3.8,166.8887,2460.33,6.27,1233.0,232956,2150,5.1,293117.67,1893.0,155.6,522534,8389,148.184,5.6,7.4
2004-06-30,41611.0,48789.0,51433.0,45745.0,0.317292438,6962,12241.135,21.634,6.204,19.699,68.23,3.9,161.1153,2460.33,6.2875,1229.0,232519,2020,5.6,293360.34,1857.0,155.6,527794,8572,149.849,5.6,7.0
2004-07-31,41792.0,49058.0,51655.0,46004.0,-0.158144439,6977,12305.307,21.731,6.274,20.181,68.26,4.5,165.4145,2478.0,6.056,1247.0,238888,2112,5.0,293603.0,1881.0,155.6,543260,8868,151.33700000000002,5.5,6.4
2004-08-31,41973.0,49327.0,51877.0,46263.0,0.05279831,7003,12379.277,21.841,6.274,20.021,68.29,4.3,165.4143,2478.0,5.8675,1238.0,241348,2056,5.0,293846.67,1911.0,155.6,551447,8675,152.63299999999998,5.4,6.0
2004-09-30,42154.0,49596.0,52099.0,46522.0,0.211081794,7029,12453.247,21.951,6.274,19.861,68.3,4.1,164.6825,2478.0,5.754,1247.0,246868,2041,4.4,294090.34,1796.0,155.6,546306,8604,154.178,5.4,6.8
2004-10-31,42335.0,49865.0,52321.0,46781.0,0.526592944,7077,12527.214,22.055,6.259,19.687,68.36999999999999,3.9,159.7835,2510.33,5.7225,1264.0,246581,2097,4.3,294334.0,1839.0,155.6,551137,8806,155.751,5.5,6.9
2004-11-30,42516.0,50134.0,52543.0,47040.0,0.052383447,7091,12607.234,21.905,6.269,19.777,68.44,4.3,155.9546,2510.33,5.73,1268.0,247029,2079,3.8,294541.67,1758.0,155.6,550392,8722,157.528,5.4,7.4
2004-12-31,42697.0,50403.0,52765.0,47299.0,-0.366492147,7117,12687.254,21.755,6.279,19.867,68.50999999999999,4.1,165.2719,2510.33,5.752,1280.0,246725,2082,6.6,294749.34,1921.0,155.6,566284,8905,159.33,5.4,9.5
2005-01-31,42898.0,50801.0,53022.0,47490.0,0.21019443,7095,12767.286,21.612,6.275,19.95,68.7,4.4,162.3785,2623.33,5.71,1302.0,250158,2139,3.2,294957.0,1892.0,156.0,575650,8856,161.289,5.3,11.8
2005-02-28,43095.0,51200.0,53280.0,47681.0,0.576822234,7153,12819.076,21.222,6.165,20.08,68.93,4.3,166.6087,2623.33,5.6275,1322.0,251796,2114,2.9,295167.33,1908.0,161.6,588435,8908,163.344,5.4,12.3
2005-03-31,43292.0,51599.0,53538.0,47872.0,0.782064651,7181,12870.866,20.832,6.055000000000001,20.21,69.16,4.1,164.5933,2623.33,5.928,1311.0,251961,2062,3.1,295377.66,1787.0,159.2,591580,8840,165.813,5.2,10.3
2005-04-30,43489.0,51998.0,53796.0,48063.0,0.672529747,7266,12922.656,20.449,5.959,20.327,69.39,4.3,160.4672,2574.0,5.855,1324.0,254161,2150,2.7,295588.0,1927.0,163.2,598335,8994,167.502,5.2,7.4
2005-05-31,43686.0,52397.0,54054.0,48254.0,-0.102774923,7294,12995.986,20.269,5.819,20.247000000000003,69.4,4.2,164.6119,2574.0,5.72,1322.0,255438,2085,3.2,295838.67,2103.0,163.2,603707,8963,169.352,5.1,6.1
2005-06-30,43883.0,52796.0,54312.0,48445.0,0.051440329,7333,13069.316,20.089,5.678999999999999,20.167,69.23,4.3,164.6056,2574.0,5.582,1329.0,252025,2178,2.6,296089.34,1965.0,163.2,616958,9093,171.19,5.0,5.7
2005-07-31,44080.0,53195.0,54570.0,48636.0,0.462724936,7353,13142.642,19.915,5.538,20.09,69.06,4.2,157.522,2561.0,5.695,1338.0,253900,2203,2.1,296340.0,1886.0,163.2,628750,9084,172.86,5.0,5.2
2005-08-31,44277.0,53594.0,54828.0,48827.0,0.511770727,7394,13203.162,19.925,5.748,20.42,68.89,4.5,158.9628,2561.0,5.82,1356.0,257599,2219,2.6,296588.67,1952.0,163.2,633710,9193,174.442,4.9,5.7
2005-09-30,44474.0,53993.0,55086.0,49018.0,1.221995927,7415,13263.682,19.935,5.958,20.75,68.9,4.7,160.26,2561.0,5.774,1377.0,263183,2263,2.7,296837.34,1922.0,163.2,647374,9244,176.438,5.0,5.7
2005-10-31,44671.0,54392.0,55344.0,49209.0,0.201207243,7460,13324.204,19.957,6.177,21.088,68.97,4.5,161.7869,2616.0,6.065,1376.0,265451,2170,2.9,297086.0,1962.0,163.2,658590,9315,178.028,5.0,5.3
2005-11-30,44868.0,54791.0,55602.0,49400.0,-0.803212851,7524,13415.854,20.207,6.327,21.318,69.04,5.0,166.9371,2616.0,6.33,1395.0,269373,2218,3.2,297302.67,1907.0,163.2,665376,9319,179.68200000000002,5.0,5.7
2005-12-31,45065.0,55190.0,55860.0,49591.0,-0.4048583,7533,13507.504,20.457,6.476999999999999,21.548,69.11,4.9,170.1463,2616.0,6.272,1405.0,272395,2120,3.1,297519.34,1941.0,163.3,670522,9260,180.91,4.9,8.2
2006-01-31,45278.0,55380.0,55996.0,49692.0,0.762195122,7601,13599.16,20.702,6.632,21.774,69.2,5.3,192.0652,2593.0,6.145,1424.0,277343,2212,3.7,297736.0,2036.0,167.4,675679,9561,182.321,4.7,9.0
2006-02-28,45488.0,55570.0,56138.0,49792.0,0.201714574,7664,13650.58,20.592,6.702,21.664,69.03,6.1,187.1223,2593.0,6.2525,1423.0,280283,2141,3.9,297960.0,2048.0,168.9,678562,9439,183.288,4.8,8.6
2006-03-31,45698.0,55760.0,56280.0,49892.0,0.55359839,7689,13702.0,20.482000000000003,6.771999999999999,21.554,68.86,5.9,174.9067,2593.0,6.324,1423.0,285365,2118,4.1,298184.0,2245.0,168.9,668311,9431,184.365,4.7,8.5
2006-04-30,45908.0,55950.0,56422.0,49992.0,0.850850851,7726,13753.424,20.366,6.828,21.437,68.69,6.3,165.8442,2584.33,6.5075,1401.0,287651,1998,3.8,298408.0,2071.0,169.4,650388,9402,184.329,4.7,6.9
2006-05-31,46118.0,56140.0,56564.0,50092.0,0.496277916,7713,13792.344,20.366,6.958,21.407,68.7,6.2,160.6413,2584.33,6.5975,1409.0,292927,1905,3.6,298665.33,1897.0,169.4,633815,9368,184.157,4.6,6.6
2006-06-30,46328.0,56330.0,56706.0,50192.0,0.197530864,7699,13831.264,20.366,7.088,21.377,68.7,6.3,161.3169,2584.33,6.682,1383.0,299334,1867,3.7,298922.66,2050.0,169.4,615053,9485,183.508,4.6,5.6
2006-07-31,46538.0,56520.0,56848.0,50292.0,0.295712173,7712,13870.188,20.352,7.23,21.362,68.7,7.3,152.8826,2674.33,6.7625,1363.0,301402,1763,3.1,299180.0,1934.0,169.4,598487,9442,183.068,4.7,6.1
2006-08-31,46748.0,56710.0,56990.0,50392.0,0.196560197,7720,13926.648,21.092,7.33,21.352,68.7,6.7,153.766,2674.33,6.523999999999999,1339.0,306563,1722,3.3,299435.33,1877.0,169.4,584460,9422,182.595,4.7,5.9
2006-09-30,46958.0,56900.0,57132.0,50492.0,-0.490436488,7718,13983.108,21.832,7.430000000000001,21.342,68.7,6.7,149.9777,2674.33,6.4025,1317.0,307094,1655,3.2,299690.66,2011.0,169.4,573878,9549,182.8,4.5,5.6
2006-10-31,47168.0,57090.0,57274.0,50592.0,-0.542138985,7682,14039.56,22.574,7.524,21.321,68.77,7.3,151.0768,2604.0,6.3575,1283.0,304567,1570,3.2,299946.0,1918.0,169.4,561444,9375,183.201,4.4,4.5
2006-11-30,47378.0,57280.0,57416.0,50692.0,-0.148662042,7666,14098.26,22.034,7.694,20.301,68.84,6.6,153.3352,2604.0,6.24,1265.0,312164,1535,3.6,300167.0,1893.0,169.4,548971,9311,183.611,4.5,6.0
2006-12-31,47588.0,57470.0,57558.0,50792.0,0.148883375,7685,14156.96,21.494,7.864,19.281,68.91,6.5,167.7831,2604.0,6.135,1247.0,320162,1638,3.5,300388.0,1888.0,169.4,545011,9334,184.141,4.4,6.9
2007-01-31,47576.0,57598.0,57627.0,51039.0,0.305252725,7725,14215.651,20.969,8.019,18.249,68.6,7.2,160.0941,2626.67,6.2175,1217.0,320249,1626,3.2,300609.0,1822.0,173.4,537571,9609,184.518,4.6,8.9
2007-02-28,47570.0,57720.0,57691.0,51289.0,0.535036756,7626,14277.791,20.969,8.199,16.009,68.66999999999999,7.9,153.1254,2626.67,6.285,1206.0,332339,1598,3.6,300834.0,1640.0,173.6,531641,9369,184.599,4.5,10.5
2007-03-31,47564.0,57842.0,57755.0,51539.0,0.910569585,7706,14339.931,20.969,8.379,13.768999999999998,68.74,7.9,154.2816,2626.67,6.156000000000001,1192.0,340354,1596,3.9,301059.0,1623.0,175.7,527865,9406,184.15,4.4,9.0
2007-04-30,47558.0,57964.0,57819.0,51789.0,0.649616269,7686,14402.082,20.966,8.571,11.542,68.80999999999999,7.4,152.554,2588.67,6.18,1181.0,345178,1470,3.8,301284.0,1539.0,188.5,523666,9430,183.011,4.5,8.6
2007-05-31,47552.0,58086.0,57883.0,52039.0,0.611071867,7673,14456.092,20.916,8.451,11.112,68.8,7.8,154.5391,2588.67,6.2620000000000005,1164.0,358048,1493,3.6,301543.33,1536.0,188.5,514131,9331,181.602,4.4,6.9
2007-06-30,47546.0,58208.0,57947.0,52289.0,0.193797518,7687,14510.102,20.866,8.331,10.682,68.83,8.2,150.0106,2588.67,6.657500000000001,1161.0,369495,1407,3.5,301802.66,1481.0,188.5,505936,9264,180.256,4.6,5.9
2007-07-31,47540.0,58330.0,58011.0,52539.0,-0.025437721,7660,14564.117,20.816,8.22,10.264,68.86,8.3,150.482,2515.0,6.695,1144.0,370632,1361,3.4,302062.0,1534.0,188.5,495976,9315,179.113,4.7,5.9
2007-08-31,47534.0,58452.0,58075.0,52789.0,-0.183390223,7610,14614.427,20.746,8.06,10.294,68.89,9.2,149.1286,2515.0,6.572,1123.0,384672,1321,3.1,302317.67,1512.0,188.5,480974,9300,178.12,4.6,5.3
2007-09-30,47528.0,58574.0,58139.0,53039.0,0.275590741,7577,14664.737,20.676,7.9,10.324,68.9,9.2,149.7947,2515.0,6.3825,1108.0,395532,1261,3.1,302573.34,1356.0,188.5,465709,9141,177.56099999999998,4.7,5.8
2007-10-31,47522.0,58696.0,58203.0,53289.0,0.213919133,7565,14715.058,20.612,7.747,10.363,68.87,8.5,147.7852,2590.0,6.375,1096.0,408729,1192,3.0,302829.0,1405.0,188.6,447819,9142,176.625,4.7,6.1
2007-11-30,47516.0,58818.0,58267.0,53539.0,0.593961787,7523,14712.218,20.042,7.277,9.643,68.84,9.4,151.528,2590.0,6.208,1080.0,402136,1224,2.8,303050.67,1390.0,188.6,431878,9094,175.148,4.7,6.2
2007-12-31,47510.0,58940.0,58331.0,53789.0,-0.067086313,7490,14709.378,19.472,6.807,8.923,68.81,9.6,145.0422,2590.0,6.095,1059.0,401961,1149,3.2,303272.34,1328.0,188.6,416486,9009,174.343,5.0,9.4
2008-01-31,47564.0,58924.0,58568.0,53869.0,0.497057647,7476,14706.538,18.9,6.342,8.207,68.5,9.3,148.5896,2605.0,5.758,1041.0,414958,1094,3.2,303494.0,1331.0,189.0,402138,8873,173.134,5.0,11.0
2008-02-29,47618.0,58914.0,58805.0,53952.0,0.290411218,7453,14759.588,18.0,5.662,7.497000000000001,68.43,9.7,145.2157,2605.0,5.9175,1025.0,411129,1014,3.6,303716.0,1274.0,189.0,386197,8594,171.543,4.9,11.4
2008-03-31,47672.0,58904.0,59042.0,54035.0,0.866821293,7406,14812.638,17.099999999999998,4.981999999999999,6.787000000000001,68.36,10.5,141.6361,2605.0,5.97,1014.0,406437,967,3.4,303938.0,1195.0,189.0,390471,8631,170.05599999999998,5.1,12.0
2008-04-30,47726.0,58894.0,59279.0,54118.0,0.606477839,7327,14865.701,16.212,4.296,6.064,68.29,10.3,141.7037,2549.0,5.9175,1009.0,411413,1008,2.9,304160.0,1022.0,189.0,385328,8606,168.33900000000003,5.0,11.1
2008-05-31,47780.0,58884.0,59516.0,54201.0,0.842088603,7274,14876.801,16.062,4.056,5.774,68.3,10.7,137.5872,2549.0,6.036,991.0,414316,995,7.3,304407.33,1142.0,188.3,381911,8587,166.66099999999997,5.4,8.6
2008-06-30,47834.0,58874.0,59753.0,54284.0,1.007699693,7213,14887.901,15.912,3.816,5.484,68.2,10.7,134.7065,2549.0,6.32,975.0,408045,1180,5.1,304654.66,1142.0,188.3,374495,8473,165.02,5.6,8.2
2008-07-31,47888.0,58864.0,59990.0,54367.0,0.525101113,7160,14898.999,15.75,3.571,5.199,68.1,10.5,134.9949,2458.67,6.425999999999999,955.0,411470,921,4.0,304902.0,1087.0,188.7,364873,8369,163.571,5.8,8.0
2008-08-31,47942.0,58854.0,60227.0,54450.0,-0.399156226,7114,14802.069,15.41,3.391,5.429,68.0,11.3,126.4644,2458.67,6.4775,936.0,403794,858,3.5,305140.0,1017.0,190.7,352598,8154,161.99200000000002,6.1,8.2
2008-09-30,47996.0,58844.0,60464.0,54533.0,-0.138301854,7044,14705.139,15.07,3.2110000000000003,5.659,68.0,10.9,122.5857,2458.67,6.0375,904.0,410624,797,4.3,305378.0,1160.0,191.2,340396,7722,160.313,6.1,9.9
2008-10-31,48050.0,58834.0,60701.0,54616.0,-1.010133328,6967,14608.208,14.72,3.018,5.897,67.93,11.6,118.4858,2562.33,6.2,876.0,412323,736,5.2,305616.0,1055.0,197.1,329304,7735,158.33100000000002,6.5,10.8
2008-11-30,48104.0,58824.0,60938.0,54699.0,-1.915289533,6813,14549.108,14.42,2.648,6.127000000000001,67.86,11.4,110.5243,2562.33,6.0875,842.0,405596,626,6.3,305823.0,1076.0,197.1,312540,7640,156.144,6.8,12.7
2008-12-31,48158.0,58814.0,61175.0,54782.0,-1.034247381,6701,14490.008,14.12,2.278,6.357,67.79,11.2,103.7625,2562.33,5.286,806.0,393186,554,6.2,306030.0,1021.0,197.1,293997,7460,153.618,7.3,15.3
2009-01-31,48020.0,58682.0,60973.0,54590.0,0.435241738,6567,14430.901,13.823,1.915,6.591,67.9,12.2,95.268,2440.0,5.047499999999999,783.0,381677,545,6.2,306237.0,777.0,197.1,283870,7363,151.505,7.8,18.2
2009-02-28,47881.0,58556.0,60767.0,54397.0,0.497293304,6446,14414.351,13.183,1.845,6.381,67.97,10.5,97.7121,2440.0,5.13,756.0,382404,558,5.6,306446.67,819.0,197.1,267938,7285,150.012,8.3,21.4
2009-03-31,47742.0,58430.0,60561.0,54204.0,0.243174846,6291,14397.801,12.543,1.775,6.171,68.04,11.0,86.959,2440.0,5.0025,717.0,383667,513,5.9,306656.34,839.0,197.1,254645,7041,148.658,8.7,21.1
2009-04-30,47603.0,58304.0,60355.0,54011.0,0.249636828,6154,14381.236,11.918,1.71,5.958,68.11,10.7,81.9796,2427.0,4.8100000000000005,677.0,369627,521,6.6,306866.0,846.0,197.1,243958,7067,147.94899999999998,9.0,18.7
2009-05-31,47464.0,58178.0,60149.0,53818.0,0.288876383,6100,14403.786,11.778,1.66,6.078,68.1,9.3,78.9117,2427.0,4.8575,650.0,365757,556,7.9,307101.67,818.0,197.0,237188,7087,147.694,9.4,19.2
2009-06-30,47325.0,58052.0,59943.0,53625.0,0.858989226,6010,14426.336,11.638,1.61,6.198,67.97,8.5,78.8185,2427.0,5.42,627.0,354227,601,6.2,307337.34,797.0,197.0,237343,7092,148.09,9.5,17.4
2009-07-31,47186.0,57926.0,59737.0,53432.0,-0.158558692,5932,14448.882,11.493,1.562,6.325,67.83999999999999,7.9,79.7505,2314.67,5.222,611.0,344704,595,5.5,307573.0,797.0,197.0,244141,7039,148.41,9.5,18.2
2009-08-31,47047.0,57800.0,59531.0,53239.0,0.224285004,5855,14516.342,11.503,1.582,6.735,67.71,7.5,77.2573,2314.67,5.1925,588.0,334891,616,4.5,307810.33,792.0,197.0,250768,6991,148.276,9.6,16.5
2009-09-30,46908.0,57674.0,59325.0,53046.0,0.062548069,5787,14583.802,11.513,1.602,7.1450000000000005,67.7,7.8,76.4036,2314.67,5.0575,576.0,322235,609,5.6,308047.66,721.0,197.0,254135,6981,148.023,9.8,17.1
2009-10-31,46769.0,57548.0,59119.0,52853.0,0.096310119,5716,14651.248,11.512,1.633,7.568,67.63000000000001,7.4,67.7822,2246.0,4.952,554.0,308583,583,5.2,308285.0,746.0,197.0,254942,6915,147.849,10.0,18.7
2009-11-30,46630.0,57422.0,58913.0,52660.0,0.070775337,5696,14689.038,11.432,1.633,7.388,67.56,7.6,74.3734,2246.0,4.875,532.0,299917,623,5.6,308490.33,844.0,197.0,255941,6991,148.134,9.9,19.4
2009-12-31,46491.0,57296.0,58707.0,52467.0,-0.176119817,5654,14726.828,11.352,1.633,7.207999999999999,67.49000000000001,8.0,69.8465,2246.0,4.93,517.0,286479,664,5.6,308695.66,750.0,197.0,255801,7024,147.93,9.9,22.7
2010-01-31,46504.0,57188.0,58631.0,52333.0,0.341747357,5580,14764.611,11.277,1.642,7.014,67.4,8.1,68.4438,1972.67,5.03,501.0,268992,636,5.9,308901.0,689.0,196.5,254826,7011,147.394,9.8,24.7
2010-02-28,46514.0,57075.0,58554.0,52203.0,0.024920738,5500,14836.471,11.347,1.622,6.684,67.4,8.3,66.3308,1972.67,4.99,493.0,267569,650,5.6,309087.33,670.0,196.5,255121,7131,145.631,9.8,27.1
2010-03-31,46524.0,56962.0,58477.0,52073.0,0.410628354,5537,14908.331,11.417,1.602,6.354,67.4,7.1,74.3536,1972.67,4.9675,492.0,267614,687,5.6,309273.66,635.0,196.5,253924,7228,145.857,9.9,24.9
2010-04-30,46534.0,56849.0,58400.0,51943.0,0.173688491,5553,14980.193,11.496,1.596,6.017,67.4,6.2,83.5931,2141.67,5.098000000000001,488.0,267185,637,6.2,309460.0,737.0,196.0,254574,7121,146.399,9.9,21.8
2010-05-31,46544.0,56736.0,58323.0,51813.0,0.077519735,5520,15033.993,11.416,1.546,5.567,67.4,9.3,81.0666,2141.67,4.8875,476.0,264485,575,6.7,309660.67,702.0,196.0,252896,7117,146.39,9.6,20.1
2010-06-30,46554.0,56623.0,58246.0,51683.0,-0.097626708,5516,15087.793,11.336,1.496,5.117,67.4,8.3,79.9186,2141.67,4.7375,447.0,264369,587,6.5,309861.34,894.0,196.0,250518,7072,145.716,9.4,20.1
2010-07-31,46564.0,56510.0,58169.0,51553.0,0.021104306,5508,15141.605,11.262,1.455,4.672,67.4,8.9,78.0252,2133.0,4.564,443.0,252883,579,6.4,310062.0,572.0,196.0,244354,7094,144.988,9.4,17.3
2010-08-31,46574.0,56397.0,58092.0,51423.0,0.138066428,5524,15197.565,11.162,1.435,4.481999999999999,67.4,8.8,80.838,2133.0,4.4275,444.0,255187,580,6.5,310266.33,592.0,196.0,238695,7130,143.912,9.5,17.0
2010-09-30,46584.0,56284.0,58015.0,51293.0,0.058173623,5501,15253.525,11.062,1.415,4.292,67.4,7.6,80.7044,2133.0,4.346,439.0,253420,563,6.5,310470.66,632.0,196.0,237834,7108,143.016,9.5,17.2
2010-10-31,46594.0,56171.0,57938.0,51163.0,0.124519889,5508,15309.471,10.969,1.39,4.096,67.33000000000001,8.2,82.8921,2221.67,4.225,436.0,257733,558,6.3,310675.0,605.0,196.0,236512,7039,142.528,9.4,17.3
2010-11-30,46604.0,56058.0,57861.0,51033.0,0.042064642,5506,15323.461,10.879,1.4,4.586,67.26,8.2,82.679,2221.67,4.3,431.0,265154,560,6.1,310842.0,552.0,196.0,237468,7098,142.172,9.8,18.8
2010-12-31,46614.0,55945.0,57784.0,50903.0,0.171844079,5467,15337.451,10.789,1.41,5.0760000000000005,67.19000000000001,7.0,80.3016,2221.67,4.714,427.0,257397,632,6.5,311009.0,565.0,196.0,239030,7068,142.063,9.3,20.7
2011-01-31,46740.0,56056.0,57810.0,51126.0,0.476323005,5427,15351.444,10.703,1.407,5.567,67.2,7.3,78.9985,2108.33,4.755,431.0,225709,576,6.9,311176.0,520.0,196.0,240548,6992,141.528,9.1,22.5
2011-02-28,46863.0,56166.0,57832.0,51352.0,0.493136503,5451,15420.144,10.813,1.397,4.777,67.10000000000001,8.1,82.783,2108.33,4.9525,424.0,229621,542,7.2,311345.33,615.0,196.0,240062,7145,140.357,9.0,21.8
2011-03-31,46986.0,56276.0,57854.0,51578.0,0.975107203,5477,15488.844,10.923,1.387,3.987,67.0,7.2,80.3358,2108.33,4.836,420.0,237178,583,6.6,311514.66,591.0,196.0,241586,7404,139.987,9.0,20.0
2011-04-30,47109.0,56386.0,57876.0,51804.0,0.643942954,5485,15557.535,11.034,1.367,3.208,66.9,6.7,80.2174,2331.67,4.84,417.0,239923,581,6.6,311684.0,549.0,196.0,244598,7313,140.012,9.1,17.8
2011-05-31,47232.0,56496.0,57898.0,52030.0,0.470418753,5516,15587.585,11.124,1.387,3.3480000000000003,66.9,6.6,83.0374,2331.67,4.6375,415.0,246937,618,6.5,311887.0,549.0,198.8,245449,7245,139.905,9.0,16.3
2011-06-30,47355.0,56606.0,57920.0,52256.0,-0.107096706,5528,15617.635,11.214,1.407,3.4880000000000004,66.83000000000001,6.6,85.5268,2331.67,4.51,416.0,262949,636,6.7,312090.0,579.0,198.8,247520,7227,139.862,9.1,15.6
2011-07-31,47478.0,56716.0,57942.0,52482.0,0.088604567,5547,15647.681,11.306,1.438,3.64,66.76,6.7,86.6476,2247.0,4.545,417.0,262747,621,6.9,312293.0,634.0,198.8,249770,7263,139.731,9.0,13.6
2011-08-31,47601.0,56826.0,57964.0,52708.0,0.27575889,5552,15712.541,11.366,1.448,3.83,66.69000000000001,6.5,88.4671,2247.0,4.27,414.0,272384,647,6.9,312491.0,614.0,198.8,251877,7333,139.309,9.0,13.5
2011-09-30,47724.0,56936.0,57986.0,52934.0,0.151846212,5584,15777.401,11.425999999999998,1.458,4.0200000000000005,66.7,6.3,87.539,2247.0,4.106,417.0,273972,610,6.5,312689.0,603.0,198.8,250152,7384,138.668,9.0,13.3
2011-10-31,47847.0,57046.0,58008.0,53160.0,-0.206268263,5588,15842.267,11.499,1.476,4.221,66.63000000000001,6.0,88.3203,2350.67,4.0675,422.0,270982,671,6.5,312887.0,566.0,199.4,252821,7303,137.951,8.8,13.7
2011-11-30,47970.0,57156.0,58030.0,53386.0,-0.084356133,5593,15917.787,11.499,1.486,4.361,66.56,5.7,87.8219,2350.67,3.9925,433.0,277776,706,6.6,313053.0,585.0,199.4,247279,7378,137.151,8.6,13.1
2011-12-31,48093.0,57266.0,58052.0,53612.0,-0.246651638,5611,15993.307,11.499,1.496,4.501,66.49000000000001,5.3,92.3973,2350.67,3.958,434.0,284011,697,7.5,313219.0,610.0,199.3,247983,7537,136.673,8.5,16.0
2012-01-31,48218.0,57337.0,58388.0,53784.0,0.440019143,5626,16068.824,11.492,1.495,4.65,66.5,5.3,95.8334,2180.0,3.915,441.0,293950,712,7.8,313385.0,545.0,199.3,251869,7646,136.606,8.3,17.7
2012-02-29,48339.0,57403.0,58726.0,53952.0,0.440297355,5629,16114.924,11.482,1.495,4.300000000000001,66.33,4.8,95.3618,2180.0,3.89,450.0,294111,738,7.8,313552.67,561.0,199.3,247503,7627,136.532,8.3,17.1
2012-03-31,48460.0,57469.0,59064.0,54120.0,0.759455862,5625,16161.024,11.472,1.495,3.95,66.16,4.9,93.6265,2180.0,3.954,458.0,297053,806,8.2,313720.34,582.0,199.3,252283,7587,137.908,8.2,17.2
2012-04-30,48581.0,57535.0,59402.0,54288.0,0.30210295,5618,16207.13,11.457,1.504,3.613,65.99,4.9,94.8657,2322.0,3.91,463.0,304401,732,8.5,313888.0,671.0,199.3,258567,7502,139.159,8.2,14.5
2012-05-31,48702.0,57601.0,59740.0,54456.0,-0.117347937,5604,16244.6,11.387,1.494,3.683,66.0,4.7,92.7778,2322.0,3.798,474.0,305582,796,8.6,314088.0,626.0,200.8,263797,7652,140.159,8.2,14.2
2012-06-30,48823.0,57667.0,60078.0,54624.0,-0.146639688,5621,16282.07,11.317,1.484,3.753,66.03,4.8,91.4306,2322.0,3.675,486.0,302591,794,8.6,314288.0,625.0,200.7,269664,7544,141.032,8.2,12.8
2012-07-31,48944.0,57733.0,60416.0,54792.0,-0.162978586,5632,16319.54,11.255,1.487,3.82,66.06,4.6,90.0394,2401.67,3.55,490.0,304534,849,7.8,314488.0,676.0,200.7,273587,7650,141.66899999999998,8.2,12.3
2012-08-31,49065.0,57799.0,60754.0,54960.0,0.556515818,5648,16353.160000000002,11.265,1.507,3.7,66.09,4.6,90.1235,2401.67,3.6019999999999994,495.0,302812,840,7.6,314687.0,684.0,200.7,279216,7593,142.279,8.1,11.3
2012-09-30,49186.0,57865.0,61092.0,55128.0,0.446221227,5661,16386.780000000002,11.275,1.527,3.58,66.1,4.5,89.7602,2401.67,3.4975,511.0,305507,930,8.1,314886.0,652.0,200.7,286120,7614,142.909,7.8,11.9
2012-10-31,49307.0,57931.0,61430.0,55296.0,-0.038892514,5674,16420.386,11.279,1.552,3.459,66.03,4.9,91.4529,2288.33,3.3825000000000003,520.0,306335,887,8.7,315085.0,730.0,200.7,294197,7416,143.60299999999998,7.8,11.4
2012-11-30,49428.0,57997.0,61768.0,55464.0,-0.473808669,5684,16489.935999999998,10.899,1.612,3.259,65.96,4.6,95.969,2288.33,3.3519999999999994,534.0,301430,917,9.5,315236.33,668.0,200.7,296510,7620,144.588,7.7,12.2
2012-12-31,49549.0,58063.0,62106.0,55632.0,-0.269306449,5724,16559.485999999997,10.519,1.6720000000000002,3.059,65.89,4.5,96.183,2288.33,3.345,551.0,304580,941,11.6,315387.66,677.0,200.7,299101,7972,145.504,7.9,13.5
2013-01-31,49423.0,58129.0,61971.0,55657.0,0.295730419,5746,16629.05,10.148,1.719,2.854,65.6,4.0,98.808,2360.0,3.414,559.0,292746,940,5.9,315539.0,714.0,201.4,303792,7912,146.835,8.0,16.1
2013-02-28,49302.0,58189.0,61839.0,55678.0,0.819002953,5784,16652.55,10.008,1.729,2.694,65.6,4.1,100.6176,2360.0,3.5325,581.0,292424,980,5.6,315699.33,729.0,201.4,309078,7863,147.78,7.7,15.7
2013-03-31,49181.0,58249.0,61707.0,55699.0,0.261450858,5802,16676.05,9.868,1.739,2.5340000000000003,65.6,4.2,100.5714,2360.0,3.565,596.0,290250,936,5.9,315859.66,816.0,201.4,312083,7867,149.96200000000002,7.5,14.7
2013-04-30,49060.0,58309.0,61575.0,55720.0,-0.103963948,5796,16699.551,9.735,1.76,2.375,65.6,4.4,95.5972,2350.33,3.4450000000000003,606.0,293188,1012,6.2,316020.0,712.0,203.8,316537,7834,151.52200000000002,7.6,13.2
2013-05-31,48939.0,58369.0,61443.0,55741.0,0.178040777,5829,16770.060999999998,9.695,1.77,2.345,65.6,4.6,99.5294,2350.33,3.536,620.0,297883,1003,6.4,316222.0,708.0,203.8,321706,7759,152.858,7.5,10.8
2013-06-30,48818.0,58429.0,61311.0,55762.0,0.239970809,5855,16840.571,9.655,1.78,2.315,65.53,4.1,101.121,2350.33,4.07,629.0,302661,942,6.5,316424.0,736.0,203.8,324770,7986,154.205,7.5,9.8
2013-07-31,48697.0,58489.0,61179.0,55783.0,0.039399753,5859,16911.068,9.6,1.804,2.293,65.46,5.5,101.9235,2293.67,4.37,640.0,316339,997,6.3,316626.0,784.0,203.8,328388,7973,155.613,7.3,9.1
2013-08-31,48576.0,58549.0,61047.0,55804.0,0.120293156,5878,16985.088,9.68,1.844,2.333,65.39,5.5,103.1386,2293.67,4.456,654.0,319524,964,6.4,316832.0,765.0,201.8,335690,8022,156.977,7.2,9.1
2013-09-30,48455.0,58609.0,60915.0,55825.0,0.116300449,5910,17059.108,9.76,1.884,2.373,65.4,5.4,105.1544,2293.67,4.49,661.0,325461,1004,6.5,317038.0,776.0,201.8,339977,8084,158.235,7.2,8.5
2013-10-31,48334.0,58669.0,60783.0,55846.0,-0.257528326,5931,17133.114,9.826,1.93,2.422,65.37,4.9,103.4307,2370.0,4.192,670.0,333928,1044,6.0,317244.0,801.0,201.8,346273,8191,159.247,7.2,9.0
2013-11-30,48213.0,58729.0,60651.0,55867.0,-0.204242419,5963,17136.834000000003,9.896,1.94,2.472,65.34,5.0,100.2908,2370.0,4.255,687.0,340714,1029,5.8,317416.0,839.0,201.8,353317,8236,160.076,6.9,8.6
2013-12-31,48092.0,58789.0,60519.0,55888.0,-0.00858115,5932,17140.554,9.966,1.95,2.522,65.31,5.2,99.2353,2370.0,4.4575,707.0,348710,1005,6.0,317588.0,778.0,201.8,360754,7988,160.997,6.7,11.4
2014-01-31,48209.0,59095.0,60951.0,55923.0,0.372024767,5985,17144.281,10.048,1.956,2.564,65.2,5.1,96.7022,2313.67,4.432,713.0,353903,976,6.7,317760.0,838.0,207.0,368359,7808,161.944,6.6,12.3
2014-02-28,48331.0,59406.0,61378.0,55954.0,0.369790865,6007,17250.421,10.148,1.956,2.494,65.17,5.3,96.6089,2313.67,4.3025,714.0,359437,1039,6.6,317935.67,876.0,207.0,363860,8111,162.53,6.7,12.8
2014-03-31,48453.0,59717.0,61805.0,55985.0,0.644004413,6038,17356.560999999998,10.248,1.956,2.424,65.14,5.6,98.2313,2313.67,4.3425,726.0,355615,1067,6.7,318111.34,893.0,207.0,369329,8254,163.094,6.7,11.3
2014-04-30,48575.0,60028.0,62232.0,56016.0,0.329675445,6084,17462.703,10.359,1.947,2.342,65.11,5.7,99.8831,2384.0,4.3375,743.0,360049,1090,6.9,318287.0,834.0,207.0,375347,8366,163.404,6.2,9.4
2014-05-31,48697.0,60339.0,62659.0,56047.0,0.349260984,6109,17556.213,10.349,1.957,2.3320000000000003,65.1,5.2,103.251,2384.0,4.192,754.0,356841,1018,7.1,318498.33,891.0,207.0,376671,8347,163.671,6.3,8.6
2014-06-30,48819.0,60650.0,63086.0,56078.0,0.186212694,6133,17649.723,10.339,1.967,2.322,65.13,5.7,102.008,2384.0,4.1625,771.0,360030,1010,7.1,318709.66,800.0,207.0,372569,8369,164.067,6.1,8.2
2014-07-31,48941.0,60961.0,63513.0,56109.0,-0.039019396,6178,17743.227,10.315,1.97,2.314,65.16,6.2,104.7714,2352.67,4.13,790.0,359951,1076,7.2,318921.0,839.0,207.0,372572,8380,164.582,6.2,7.5
2014-08-31,49063.0,61272.0,63940.0,56140.0,-0.167051417,6210,17779.666999999998,10.365,1.99,2.324,65.19,5.4,103.4758,2352.67,4.115,793.0,360732,1047,7.0,319133.0,908.0,207.0,372893,8517,165.22099999999998,6.1,7.7
2014-09-30,49185.0,61583.0,64367.0,56171.0,0.075256882,6242,17816.107,10.415,2.01,2.334,65.2,5.4,106.39,2352.67,4.1625,797.0,363100,1077,7.2,319345.0,975.0,207.0,382053,8442,165.91299999999998,5.9,7.0
2014-10-31,49307.0,61894.0,64794.0,56202.0,-0.251227781,6259,17852.54,10.455,2.03,2.357,65.17,5.3,107.4887,2418.33,4.036,806.0,373536,1094,7.1,319557.0,920.0,207.0,386299,8484,166.649,5.7,6.4
2014-11-30,49429.0,62205.0,65221.0,56233.0,-0.539941794,6272,17898.81,10.325,2.12,2.377,65.14,5.7,100.1767,2418.33,3.9975,814.0,373100,1059,7.3,319724.0,863.0,207.0,391521,8577,167.34099999999998,5.8,7.5
2014-12-31,49551.0,62516.0,65648.0,56264.0,-0.567010091,6293,17945.08,10.195,2.21,2.397,65.11,5.1,107.8631,2418.33,3.864,826.0,370648,1072,7.7,319891.0,955.0,207.1,401584,8739,168.05900000000003,5.6,8.3
2015-01-31,49757.0,62747.0,65993.0,56477.0,-0.470589237,6320,17991.348,10.065,2.298,2.409,64.9,4.8,107.9359,2317.67,3.67,830.0,382055,1049,8.0,320058.0,954.0,208.2,405137,8688,168.66299999999998,5.7,9.8
2015-02-28,49967.0,62982.0,66335.0,56687.0,0.434304492,6361,18058.798000000003,9.915,2.268,2.389,64.87,4.5,98.3147,2317.67,3.71,830.0,388502,1127,8.1,320231.33,863.0,208.2,410444,8501,169.146,5.5,10.6
2015-03-31,50177.0,63217.0,66677.0,56897.0,0.595172161,6334,18126.248000000003,9.765,2.238,2.369,64.84,5.1,98.0826,2317.67,3.77,843.0,400451,1072,7.7,320404.66,781.0,208.2,410615,8759,169.82,5.4,9.5
2015-04-30,50387.0,63452.0,67019.0,57107.0,0.203287325,6392,18193.707,9.607,2.193,2.335,64.81,4.9,102.9391,2484.67,3.672,868.0,415016,1166,7.6,320578.0,1001.0,208.4,415495,8882,170.31799999999998,5.4,7.5
2015-05-31,50597.0,63687.0,67361.0,57317.0,0.509723203,6427,18231.457,9.637,2.203,2.335,64.8,5.0,104.7355,2484.67,3.84,878.0,427500,1272,7.5,320787.0,1012.0,208.4,422997,9066,170.898,5.6,6.7
2015-06-30,50807.0,63922.0,67703.0,57527.0,0.350287,6441,18269.207,9.667,2.213,2.335,64.63,5.4,107.3932,2484.67,3.9825,896.0,433395,1379,7.4,320996.0,962.0,208.4,433819,8903,171.483,5.3,6.3
2015-07-31,51017.0,64157.0,68045.0,57737.0,0.006704716,6472,18306.96,9.695,2.211,2.328,64.46,5.2,112.8016,2415.67,4.046,908.0,421865,1140,7.3,321205.0,988.0,208.4,439613,9064,172.14700000000002,5.2,5.5
2015-08-31,51227.0,64392.0,68387.0,57947.0,-0.141627628,6490,18315.33,9.735,2.221,2.358,64.28999999999999,5.0,114.2742,2415.67,3.905,921.0,425883,1165,7.3,321413.67,974.0,208.4,438567,9086,172.954,5.1,6.1
2015-09-30,51437.0,64627.0,68729.0,58157.0,-0.155675658,6508,18323.7,9.775,2.231,2.388,64.3,5.9,114.3883,2415.67,3.89,939.0,425801,1144,7.4,321622.34,1040.0,208.4,447202,9045,173.84799999999998,5.0,5.5
2015-10-31,51647.0,64862.0,69071.0,58367.0,-0.044968375,6547,18332.079,9.805,2.23,2.432,64.17,5.6,113.1105,2539.0,3.796,943.0,419386,1160,7.5,321831.0,985.0,208.4,448312,9162,174.81099999999998,5.0,6.2
2015-11-30,51857.0,65097.0,69413.0,58577.0,-0.211068038,6598,18363.159000000003,9.945,2.26,2.492,64.03999999999999,5.5,112.979,2539.0,3.9425,962.0,420334,1244,7.3,322005.33,1000.0,208.4,447200,9152,175.755,5.1,6.2
2015-12-31,52067.0,65332.0,69755.0,58787.0,-0.341709644,6630,18394.239,10.085,2.29,2.552,63.91,5.1,119.8914,2539.0,3.964,970.0,414654,1212,7.4,322179.66,1023.0,208.4,453227,9361,176.55599999999998,5.0,7.5
2016-01-31,52127.0,65426.0,69871.0,58995.0,0.165310221,6631,18425.306,10.217,2.321,2.614,63.8,5.6,116.8221,2348.67,3.8725,968.0,414134,1161,7.7,322354.0,1056.0,214.8,456059,9239,177.291,4.8,8.5
2016-02-29,52192.0,65518.0,69989.0,59209.0,0.082307653,6640,18487.406,10.147,2.321,2.584,63.7,5.5,119.0387,2348.67,3.66,982.0,420458,1187,7.2,322526.33,1037.0,214.8,462677,9277,177.658,4.9,8.7
2016-03-31,52257.0,65610.0,70107.0,59423.0,0.430600014,6678,18549.506,10.077,2.321,2.554,63.6,5.5,118.9531,2348.67,3.694,987.0,433085,1114,7.6,322698.66,1003.0,215.0,471006,9236,178.18900000000002,5.0,8.7
2016-04-30,52322.0,65702.0,70225.0,59637.0,0.474106798,6702,18611.617,10.017,2.318,2.535,63.5,5.0,109.6885,2526.67,3.605,998.0,435537,1158,7.2,322871.0,945.0,215.7,468968,9203,178.804,5.1,6.0
2016-05-31,52387.0,65794.0,70343.0,59851.0,0.4045791,6689,18666.227,9.957,2.318,2.535,63.5,5.1,107.6508,2526.67,3.6,1010.0,443754,1196,6.9,323071.67,1000.0,215.7,469364,9278,179.47299999999998,4.8,5.2
2016-06-30,52452.0,65886.0,70461.0,60065.0,0.328436617,6701,18720.837,9.897,2.318,2.535,63.53,5.3,110.6206,2526.67,3.568,1016.0,452349,1208,6.6,323272.34,1109.0,215.7,474824,9422,180.135,4.9,4.6
2016-07-31,52517.0,65978.0,70579.0,60279.0,-0.16181364,6735,18775.459,9.849,2.307,2.54,63.56,4.5,105.6264,2448.0,3.44,1033.0,456046,1190,6.8,323473.0,1072.0,215.7,476891,9350,180.875,4.8,4.5
2016-08-31,52582.0,66070.0,70697.0,60493.0,0.091843011,6736,18839.649,9.889,2.357,2.55,63.59,5.0,105.0128,2448.0,3.435,1038.0,457364,1205,6.8,323664.67,1054.0,215.7,480151,9333,181.893,4.9,5.1
2016-09-30,52647.0,66162.0,70815.0,60707.0,0.240399586,6768,18903.839,9.929,2.407,2.56,63.6,5.2,105.015,2448.0,3.46,1038.0,458953,1280,6.8,323856.34,1035.0,215.7,481668,9487,182.857,5.0,5.2
2016-10-31,52712.0,66254.0,70933.0,60921.0,0.124674851,6799,18968.041,9.96,2.457,2.578,63.63,5.2,106.1325,2605.67,3.47,1053.0,453716,1278,6.9,324048.0,1070.0,215.7,495934,9391,183.768,4.9,5.7
2016-11-30,52777.0,66346.0,71051.0,61135.0,-0.155546087,6823,19030.001,10.07,2.467,2.598,63.66,5.2,107.8348,2605.67,3.77,1042.0,468705,1236,7.0,324197.33,1244.0,215.7,504534,9358,184.753,4.7,5.7
2016-12-31,52842.0,66438.0,71169.0,61349.0,0.032732139,6818,19091.961,10.18,2.477,2.618,63.690000000000005,5.4,103.959,2605.67,4.198,1057.0,468739,1252,6.5,324346.66,1101.0,215.7,511697,9297,185.692,4.7,7.4
2017-01-31,53045.0,66660.0,71394.0,61648.0,0.582772789,6839,19153.912,10.28,2.501,2.642,63.5,5.3,104.5353,2383.0,4.15,1064.0,458822,1301,6.9,324496.0,1073.0,217.4,510825,9499,186.778,4.7,9.4
2017-02-28,53252.0,66876.0,71622.0,61950.0,0.314611739,6886,19210.252,10.57,2.511,2.612,63.37,5.2,109.9884,2383.0,4.1675,1071.0,450355,1240,7.2,324646.67,1152.0,217.4,532441,9498,187.294,4.6,8.8
2017-03-31,53459.0,67092.0,71850.0,62252.0,0.081279787,6907,19266.592,10.86,2.521,2.582,63.24,4.9,104.8562,2383.0,4.196,1071.0,451060,1285,7.2,324797.34,1162.0,217.2,528759,9576,188.03,4.4,8.4
2017-04-30,53666.0,67308.0,72078.0,62554.0,0.296553337,6917,19322.92,11.154,2.532,2.558,63.11,5.3,99.9622,2482.0,4.045,1074.0,448588,1258,7.2,324948.0,1066.0,219.2,534393,9434,188.812,4.5,6.3
2017-05-31,53873.0,67524.0,72306.0,62856.0,0.085472183,6926,19401.51,11.144,2.622,2.538,63.1,5.2,98.7456,2482.0,4.01,1070.0,449812,1209,7.8,325123.67,1170.0,219.2,537329,9507,189.723,4.4,5.3
2017-06-30,54080.0,67740.0,72534.0,63158.0,0.090711101,6954,19480.1,11.134,2.712,2.518,63.2,5.4,98.5332,2482.0,3.904,1072.0,444462,1329,7.5,325299.34,1238.0,219.2,537271,9570,190.626,4.3,4.5
2017-07-31,54287.0,67956.0,72762.0,63460.0,-0.068992264,6958,19558.693,11.134,2.816,2.485,63.3,6.0,96.3572,2572.33,3.9675,1075.0,438535,1264,7.6,325475.0,1174.0,219.2,541798,9529,191.546,4.3,4.9
2017-08-31,54494.0,68172.0,72990.0,63762.0,0.29944523,6989,19666.783,11.224,2.856,2.515,63.4,6.2,96.2598,2572.33,3.88,1084.0,436401,1314,7.6,325637.67,1100.0,226.7,540873,9601,192.775,4.4,4.7
2017-09-30,54701.0,68388.0,73218.0,64064.0,0.529490589,7003,19774.873,11.314,2.896,2.545,63.4,5.5,96.0601,2572.33,3.805,1093.0,438373,1257,7.3,325800.34,1108.0,248.0,542523,9496,193.827,4.2,4.7
2017-10-31,54908.0,68604.0,73446.0,64366.0,-0.06320421,7029,19882.965,11.411,2.927,2.584,63.43,5.5,98.202,2474.33,3.895,1101.0,439387,1346,7.4,325963.0,1191.0,248.0,536844,9804,194.801,4.1,4.5
2017-11-30,55115.0,68820.0,73674.0,64668.0,0.002432469,7072,19969.885,11.461,2.937,2.564,63.46,4.8,102.1896,2474.33,3.922,1105.0,439051,1302,7.0,326083.67,1180.0,248.0,560535,9937,195.881,4.2,5.0
2017-12-31,55322.0,69036.0,73902.0,64970.0,-0.058783228,7104,20056.805,11.511,2.947,2.544,63.49,5.3,102.0094,2474.33,3.95,1100.0,444967,1309,6.6,326204.34,1203.0,248.0,563267,9960,197.043,4.1,5.9
2018-01-31,55419.0,69214.0,74029.0,65075.0,0.544774545,7107,20143.716,11.558,2.961,2.518,63.6,5.7,100.8531,2476.0,4.032500000000001,1106.0,469639,1352,7.4,326325.0,1204.0,230.9,571783,9875,198.172,4.0,7.3
2018-02-28,55513.0,69394.0,74153.0,65178.0,0.453468997,7194,20259.976,11.608,2.961,2.538,63.7,5.5,101.2208,2476.0,4.33,1111.0,480699,1332,7.6,326451.0,1290.0,230.9,578937,9910,199.133,4.1,7.8
2018-03-31,55607.0,69574.0,74277.0,65281.0,0.22611259,7203,20376.236,11.658,2.961,2.558,63.8,5.2,100.3428,2476.0,4.444,1121.0,472716,1407,7.6,326577.0,1189.0,240.5,575068,9937,200.03,4.0,7.4
2018-04-30,55701.0,69754.0,74401.0,65384.0,0.397509156,7224,20492.492,11.7,2.97,2.568,63.9,5.5,102.2486,2540.33,4.4675,1123.0,473172,1391,7.4,326703.0,1213.0,242.7,576621,10113,200.868,4.0,6.5
2018-05-31,55795.0,69934.0,74525.0,65487.0,0.415891693,7263,20548.032,11.68,2.99,2.568,63.9,5.3,104.4935,2540.33,4.586,1130.0,474349,1331,7.5,326857.67,1263.0,245.0,579548,9974,201.682,3.8,4.4
2018-06-30,55889.0,70114.0,74649.0,65590.0,0.15938757,7279,20603.572,11.66,3.01,2.568,63.9,6.2,102.1195,2540.33,4.57,1125.0,462564,1320,7.6,327012.34,1216.0,245.0,570055,9971,202.485,4.0,4.7
2018-07-31,55983.0,70294.0,74773.0,65693.0,0.006746326,7303,20659.102,11.641,3.019,2.574,63.9,6.3,102.2554,2441.33,4.5275,1125.0,462554,1328,7.6,327167.0,1169.0,245.1,559371,10006,203.097,3.8,3.4
2018-08-31,56077.0,70474.0,74897.0,65796.0,0.055554233,7332,20710.512,11.701,3.029,2.584,63.9,6.6,101.8867,2441.33,4.55,1130.0,465457,1264,7.6,327312.0,1246.0,250.6,548672,9885,203.865,3.8,3.4
2018-09-30,56171.0,70654.0,75021.0,65899.0,0.116202518,7355,20761.922,11.761,3.039,2.594,63.9,6.7,100.1267,2441.33,4.6275,1135.0,462496,1289,7.6,327457.0,1174.0,250.6,548741,9818,204.421,3.7,4.1
2018-10-31,56265.0,70834.0,75145.0,66002.0,0.176676346,7379,20813.325,11.82,3.055,2.618,63.93,7.3,100.1888,2600.33,4.83,1142.0,459209,1275,7.4,327602.0,1116.0,250.6,533269,9907,205.025,3.8,3.6
2018-11-30,56359.0,71014.0,75269.0,66105.0,-0.334934852,7386,20876.085,11.93,3.065,2.668,63.96,6.5,97.8219,2600.33,4.866,1144.0,448823,1318,7.2,327709.0,1142.0,250.6,535057,9917,205.453,3.8,3.9
2018-12-31,56453.0,71194.0,75393.0,66208.0,-0.319396282,7416,20938.845,12.04,3.075,2.718,63.99,7.3,99.0561,2600.33,4.6375,1149.0,458495,1338,9.0,327816.0,1052.0,249.0,516342,9884,205.83,3.9,5.1
2019-01-31,56513.0,71506.0,75551.0,66486.0,0.190659667,7446,21001.591,12.146,3.071,2.774,64.2,6.6,108.0762,2498.0,4.464,1154.0,463513,1295,8.7,327923.0,1246.0,250.7,519565,9787,206.213,4.0,6.4
2019-02-28,56569.0,71814.0,75715.0,66760.0,0.422705314,7415,21097.481,12.086,3.0410000000000004,2.784,64.3,6.0,102.6641,2498.0,4.37,1142.0,469400,1304,8.8,328038.67,1337.0,250.5,519977,9862,206.649,3.8,6.2
2019-03-31,56625.0,72122.0,75879.0,67034.0,0.564135836,7439,21193.371,12.026000000000002,3.011,2.794,64.4,5.6,101.9841,2498.0,4.265,1125.0,479943,1316,8.2,328154.34,1316.0,252.4,521651,10008,207.209,3.8,5.2
2019-04-30,56681.0,72430.0,76043.0,67308.0,0.529500161,7471,21289.268,11.968,2.974,2.791,64.5,5.8,102.6135,2550.67,4.1425,1122.0,482738,1337,7.7,328270.0,1312.0,253.3,527291,10073,207.928,3.7,4.7
2019-05-31,56737.0,72738.0,76207.0,67582.0,0.212875859,7478,21361.178,11.848,2.9240000000000004,2.771,64.5,6.5,101.4282,2550.67,4.072,1131.0,491227,1337,7.4,328423.33,1235.0,256.5,532890,10074,208.626,3.7,3.2
2019-06-30,56793.0,73046.0,76371.0,67856.0,0.019914718,7499,21433.088,11.728,2.874,2.751,64.47,5.6,100.9817,2550.67,3.8025,1143.0,500180,1276,7.2,328576.66,1170.0,254.1,541719,10071,209.112,3.6,4.0
2019-07-31,56849.0,73354.0,76535.0,68130.0,0.167094162,7503,21505.012,11.595,2.831,2.725,64.44,6.2,103.8818,2502.0,3.765,1143.0,509511,1369,7.0,328730.0,1242.0,253.4,552029,10067,209.633,3.6,3.8
2019-08-31,56905.0,73662.0,76699.0,68404.0,-0.005066824,7506,21568.162,11.555,2.791,2.685,64.41,5.8,104.6386,2502.0,3.616,1151.0,516778,1479,7.2,328882.0,1272.0,252.1,556709,10082,210.357,3.7,3.6
2019-09-30,56961.0,73970.0,76863.0,68678.0,0.078344858,7524,21631.312,11.515,2.751,2.645,64.4,5.5,107.698,2502.0,3.605,1160.0,516755,1439,7.3,329034.0,1136.0,253.4,559629,10177,210.998,3.5,3.2
2019-10-31,57017.0,74278.0,77027.0,68952.0,0.228619055,7544,21694.458,11.463,2.696,2.597,64.47,5.5,103.9359,2585.33,3.688,1160.0,519535,1509,7.4,329186.0,1279.0,251.1,561262,10120,211.606,3.6,4.0
2019-11-30,57073.0,74586.0,77191.0,69226.0,-0.053624303,7546,21623.428,11.473,2.6860000000000004,2.657,64.54,5.5,100.9403,2585.33,3.695,1166.0,526675,1509,7.5,329300.33,1252.0,251.9,572412,10219,212.43,3.6,4.4
2019-12-31,57129.0,74894.0,77355.0,69500.0,-0.090976953,7557,21552.398,11.483,2.676,2.717,64.61,5.3,103.3535,2585.33,3.72,1179.0,520012,1453,7.3,329414.66,1308.0,252.7,581530,9990,213.372,3.6,5.0
2020-01-31,57171.0,74829.0,77142.0,69114.0,0.387976994,7615,21481.367,11.488,2.658,2.77,64.2,5.1,114.0748,2486.67,3.624,1196.0,526954,1550,7.8,329529.0,1288.0,252.9,591497,10475,214.41,3.5,5.4
2020-02-29,57214.0,74768.0,76928.0,68734.0,0.274061813,7648,20813.397,11.258,2.668,2.8,64.23,5.3,108.1299,2486.67,3.4650000000000003,1216.0,520487,1478,8.3,329652.0,1294.0,253.7,609742,10456,215.474,3.5,5.5
2020-03-31,57257.0,74707.0,76714.0,68354.0,-0.217645103,7557,20145.427,11.028,2.678,2.83,64.26,6.3,103.5584,2486.67,3.45,1215.0,514802,1382,13.1,329775.0,1267.0,257.2,617567,8225,216.632,4.4,6.9
2020-04-30,57300.0,74646.0,76500.0,67974.0,-0.668694187,6535,19477.444,10.795,2.679,2.851,64.29,6.6,96.947,2545.67,3.306,1194.0,488521,1094,33.8,329898.0,1191.0,257.6,597672,4160,217.495,14.8,16.6
2020-05-31,57343.0,74585.0,76286.0,67594.0,0.001950162,7004,20031.154,10.655,2.629,2.801,64.3,5.3,99.1911,2545.67,3.2325,1179.0,479172,1246,24.8,330054.67,1178.0,263.3,584171,7349,217.801,13.3,12.7
2020-06-30,57386.0,74524.0,76072.0,67214.0,0.547204693,7171,20584.864,10.515,2.579,2.751,64.42999999999999,4.3,103.7352,2545.67,3.1625,1187.0,480422,1296,19.3,330211.34,1243.0,263.3,590445,10104,218.36,11.1,10.1
2020-07-31,57429.0,74463.0,75858.0,66834.0,0.50582435,7197,21138.574,10.377,2.534,2.688,64.56,3.6,102.3294,2468.0,3.016,1199.0,475021,1542,18.7,330368.0,1340.0,261.4,608617,10346,219.915,10.2,8.9
2020-08-31,57472.0,74402.0,75644.0,66454.0,0.315321052,7223,21251.584,10.437,2.534,2.708,64.69,3.5,100.7609,2468.0,2.935,1212.0,466127,1522,15.0,330517.0,1216.0,261.4,632725,10812,222.704,8.4,7.6
2020-09-30,57515.0,74341.0,75430.0,66074.0,0.139274694,7256,21364.594,10.497,2.534,2.728,64.7,3.5,100.6016,2468.0,2.89,1218.0,458779,1589,14.3,330666.0,1426.0,263.3,648272,10843,225.908,7.8,7.1
2020-10-31,57558.0,74280.0,75216.0,65694.0,0.041493776,7329,21477.597,10.561,2.533,2.744,64.8,3.5,102.4985,2621.33,2.834,1228.0,456022,1595,13.6,330815.0,1356.0,263.3,664062,10864,229.41,6.9,6.8
2020-11-30,57601.0,74219.0,75002.0,65314.0,-0.061062722,7353,21664.477000000003,10.621,2.543,2.764,64.9,4.0,109.141,2621.33,2.765,1247.0,447290,1696,13.0,330880.33,1244.0,263.3,684497,10705,232.643,6.7,7.3
2020-12-31,57644.0,74158.0,74788.0,64934.0,0.094147847,7400,21851.357,10.681,2.553,2.7840000000000003,65.0,3.8,111.1357,2621.33,2.684,1264.0,442157,1758,14.0,330945.66,1386.0,263.3,704835,10621,235.604,6.7,9.6
